Mes,Empresa,Linha,Estudante_Cartao,Estudante_BT,Vale_Transporte,Integracao_Plena,Integracao_Complementar,Gratuito_Cartao,Gratuito_BT,Inteira_Cartao,Inteira_Especie,Tarifa_Social,Qtd_Viagens
1,CONCEICAO,21,14433,4640,36604,8347,0,16427,8330,6260,41213,3119,3401
1,CONCEICAO,22,2099,842,5175,1006,0,3730,1788,1032,7345,0,643
1,CONCEICAO,30,10095,2912,21823,5746,0,6975,3403,5200,21659,858,2356
1,CONCEICAO,31,10282,3142,22424,7351,0,6589,3202,5132,23757,64,2264
1,CONCEICAO,41,7218,1673,18788,7473,0,5229,3065,4256,13547,0,2164
1,CONCEICAO,59,8788,3669,21082,6706,9,12802,4425,4539,29753,3815,2580
1,CONCEICAO,63,24601,7013,44465,15022,0,15546,7222,7778,40669,2540,3929
1,CONCEICAO,71,10033,3718,24365,4570,0,14472,6197,4788,31456,3354,2925
1,CONCEICAO,76,3105,935,7181,1387,57,3362,1342,1611,8609,1182,682
1,CONCEICAO,83,4775,1898,15454,1319,0,3233,1323,2752,16644,1912,1290
1,CONCEICAO,411,6577,1635,10984,4440,0,4569,1880,2922,11814,435,1162
1,CONCEICAO,587,1125,3,612,153,0,1237,201,95,2350,165,1418
1,CONCEICAO,599,7385,1764,15307,5705,30,5574,1050,3419,12099,718,1522
1,CONCEICAO,905,175,52,955,69,0,278,28,107,634,376,244
1,CONCEICAO,2369,556,206,1510,939,0,1046,495,315,1607,0,410
1,CONCEICAO,3001,1485,414,3506,1361,0,1213,650,761,2850,391,567
1,CONCEICAO,3101,869,333,2578,1124,0,659,365,545,1981,0,388
1,CONCEICAO,6301,4126,1351,11118,2552,0,2939,1237,2092,9297,641,1067
1,CONCEICAO,7601,68,18,150,30,0,102,62,16,164,521,27
1,DUNAS,33,31342,9745,73089,18954,138,19407,8583,17130,67630,5122,4562
1,DUNAS,40,24218,7513,49953,16408,37,28765,13982,11426,64927,3626,4258
1,DUNAS,57,1003,251,1654,700,0,894,384,467,1648,0,347
1,DUNAS,331,10408,2693,20460,3877,19,5588,2592,5380,18105,1938,1612
1,DUNAS,332,2035,560,4773,943,0,957,514,1198,3504,135,657
1,DUNAS,411,4170,1074,7520,3152,0,2939,1229,1850,7633,519,763
1,GUANABARA,2,11918,3809,37001,6272,241,8085,4231,6086,29644,1837,2494
1,GUANABARA,4,7509,3310,32508,5931,1,3881,2969,4051,23408,1364,2320
1,GUANABARA,5,5650,1623,14348,1878,51,4939,2881,2478,17745,1390,1539
1,GUANABARA,8,18973,6161,54184,18176,594,17338,7008,9309,44871,6617,3368
1,GUANABARA,13,297,81,567,112,5,255,107,129,660,0,123
1,GUANABARA,18,72,17,582,150,0,69,9,78,179,0,61
1,GUANABARA,19,4588,1779,12934,3448,0,8724,4766,2899,15221,618,1909
1,GUANABARA,20,5246,1819,11540,2763,0,10131,6550,2750,16665,818,2141
1,GUANABARA,25,3201,1253,6870,1668,0,4380,2941,1268,8772,0,1295
1,GUANABARA,60,21107,6827,58580,9762,319,12738,6786,10396,47554,2814,3829
1,GUANABARA,64,16315,4820,39828,6876,153,17656,10473,6397,43373,2616,3558
1,GUANABARA,67,5300,1530,13635,1767,42,4539,2800,2526,17164,180,1309
1,GUANABARA,70,10057,3351,31557,4333,49,9686,6798,4954,34235,2377,2887
1,GUANABARA,72,10222,3158,32467,7421,93,6679,3602,6211,33164,2240,2393
1,GUANABARA,75,6102,1730,12901,2333,85,3995,1796,3348,12908,1274,1401
1,GUANABARA,76,2825,861,7002,1448,42,3279,1016,1404,8065,337,605
1,GUANABARA,77,13588,5322,50478,11634,81,8070,5190,7666,43864,3195,3690
1,GUANABARA,79,19415,6039,45855,9927,381,10425,4418,8269,39539,3170,3142
1,GUANABARA,81,5391,1655,13294,2337,5,3952,1862,3437,14435,496,1489
1,GUANABARA,84,14667,3497,35719,12803,215,11678,5797,9993,31280,3625,3491
1,GUANABARA,101,5387,1611,15333,2918,48,8412,3587,2982,18508,1755,1641
1,GUANABARA,102,675,213,1892,361,10,970,442,392,2379,0,211
1,GUANABARA,592,878,173,1525,361,54,792,298,387,1070,88,851
1,GUANABARA,593,2772,466,2524,683,0,988,424,593,2989,170,968
1,GUANABARA,1029,5092,1575,13500,2926,47,3534,1866,2266,12153,1028,969
1,GUANABARA,1214,3713,1253,10985,1303,12,4566,2769,1859,11749,0,1613
1,GUANABARA,1301,2427,704,4928,1169,57,2192,1086,1285,6471,0,950
1,GUANABARA,1302,1148,312,2356,577,29,976,491,565,2814,0,506
1,GUANABARA,1516,8687,2962,20391,3732,152,8079,4813,4470,25424,1107,1987
1,GUANABARA,1778,8196,2755,21312,4072,166,8693,5389,4309,24537,877,2147
1,GUANABARA,2369,457,216,2119,601,0,1008,551,402,1605,0,390
1,GUANABARA,6162,4253,1241,9053,1342,41,3779,2769,2047,10012,252,1619
1,GUANABARA,6443,6929,1947,15226,2870,12,4894,2574,3387,15824,1513,1132
1,GUANABARA,7501,3360,908,7335,1178,0,2053,913,2082,7210,0,737
1,GUANABARA,7502,818,261,1652,312,0,611,316,487,1886,0,169
1,GUANABARA,7601,218,79,533,115,0,287,113,73,687,417,71
1,REUNIDAS,7,14789,4563,45430,9991,189,8415,3925,8606,39628,3359,3586
1,REUNIDAS,26,16291,5699,50106,12882,250,7235,4809,8498,42178,4320,3209
1,REUNIDAS,27,10410,3112,23687,3513,111,9888,5329,5152,30294,3061,2948
1,REUNIDAS,35,14829,3957,32022,8841,923,11693,6948,8205,29497,2538,2647
1,REUNIDAS,68,9164,2625,24352,5151,131,8002,3542,6334,25202,1318,2366
1,REUNIDAS,73,31836,13882,109827,29590,506,16570,10232,15542,88472,8935,5315
1,REUNIDAS,85,9496,2099,17117,4653,558,7680,4448,4479,16833,0,1976
1,REUNIDAS,1029,15066,4755,41097,9765,109,9752,5001,7017,34460,2854,2675
1,REUNIDAS,1778,2053,654,5533,1032,29,1899,1100,1113,5795,699,614
1,REUNIDAS,6443,7188,2100,17198,3229,13,5542,2740,4171,18398,1505,1154
1,REUNIDAS,7847,13906,4557,30570,5566,57,9640,5988,7807,33377,3611,2436
1,REUNIDAS,9018,17,13,314,305,0,384,44,31,167,19,93
1,SANTA MARIA,24,13291,4304,30853,11421,0,10562,6586,9035,28834,645,3586
1,SANTA MARIA,34,4761,1418,8867,2383,0,7476,4569,2233,12728,0,1530
1,SANTA MARIA,36,5514,1949,14256,4655,0,7025,4175,3017,17006,1338,2006
1,SANTA MARIA,37,17916,6228,30512,10837,0,11157,7074,8367,34674,1234,3564
1,SANTA MARIA,38,26900,8540,48578,13299,21,31929,16846,11583,75035,6370,4442
1,SANTA MARIA,39,12985,3068,30123,10132,0,7918,3822,6392,21842,743,3202
1,SANTA MARIA,44,11110,3893,23087,6165,0,11605,7586,5965,27227,776,3064
1,SANTA MARIA,46,14058,5483,25976,11635,0,6092,5799,7200,34910,2138,2843
1,SANTA MARIA,48,5669,2160,11139,3648,0,6204,4018,2215,15419,1180,2040
1,SANTA MARIA,54,17027,6555,34782,12565,0,9693,7875,7525,42762,3782,3520
1,SANTA MARIA,56,4528,1872,26356,11490,0,3166,2379,3935,21330,1329,2162
1,SANTA MARIA,66,5724,2530,14590,1770,0,3175,2058,2703,18407,2097,2171
1,SANTA MARIA,83,5516,2226,18283,1687,0,3999,1602,3435,19428,2425,1534
1,SANTA MARIA,331,7371,2011,15550,2991,31,4051,1918,4034,14243,0,1284
1,SANTA MARIA,332,1679,448,4087,869,0,854,439,1073,3023,190,554
1,SANTA MARIA,411,4264,1022,7361,2809,0,2926,1136,2042,7536,406,737
1,SANTA MARIA,561,92,73,2501,681,0,92,7,276,1068,55,342
1,VIA SUL,50,23542,7685,67487,18340,197,14589,8364,12868,56430,2876,4868
1,VIA SUL,51,14718,4651,23726,8241,0,9313,7109,6423,28337,596,3236
1,VIA SUL,52,11903,4254,21598,6546,0,10320,7811,5368,28633,664,3109
1,VIA SUL,65,6769,2331,13830,3490,0,4120,2392,3184,12411,0,1856
2,CONCEICAO,21,20079,5794,36754,9057,0,17627,8033,6953,42507,0,3457
2,CONCEICAO,22,200,61,304,55,0,165,73,54,392,0,44
2,CONCEICAO,30,15615,3789,20751,5556,0,7185,3144,5300,21704,0,2203
2,CONCEICAO,31,19030,4366,23203,8524,0,7584,3391,5801,21923,0,2327
2,CONCEICAO,41,10232,2380,20282,8690,0,5848,3457,4754,14620,0,2194
2,CONCEICAO,59,10713,4049,18844,6826,12,12439,4335,4862,27662,0,2273
2,CONCEICAO,63,40701,9842,43915,20553,0,15472,6381,7950,40626,0,3636
2,CONCEICAO,71,18160,5663,28023,5169,0,16782,6918,5681,36368,0,3097
2,CONCEICAO,76,3675,989,7027,1474,41,3227,1094,1575,8279,0,623
2,CONCEICAO,83,6206,2385,14499,1355,0,3256,1310,2674,15600,0,1148
2,CONCEICAO,411,7246,2029,11545,4388,0,4836,1979,3316,11805,0,1077
2,CONCEICAO,587,686,2,472,157,0,964,160,153,1955,0,962
2,CONCEICAO,599,8266,2034,14912,5931,38,5642,938,3511,11402,0,1413
2,CONCEICAO,905,87,31,744,45,0,193,12,64,509,0,203
2,CONCEICAO,2369,983,245,1553,905,0,888,418,305,1495,0,377
2,CONCEICAO,3001,2574,613,3886,1600,0,1288,642,974,3315,0,544
2,CONCEICAO,3101,1663,381,1988,1068,0,518,272,460,1462,0,309
2,CONCEICAO,6301,5216,1570,10242,2421,0,2722,1012,1888,8582,0,926
2,CONCEICAO,7601,102,37,243,54,0,149,68,43,367,0,41
2,DUNAS,33,41485,12809,69418,18089,104,18409,7548,16733,65000,0,4092
2,DUNAS,40,31108,9779,48901,16946,31,29354,12908,11872,64568,0,3810
2,DUNAS,57,2216,553,1902,999,0,1016,380,529,1811,0,355
2,DUNAS,331,14287,3328,20810,4473,7,5722,2580,5917,18822,0,1471
2,DUNAS,332,2518,642,4228,865,0,933,435,1172,2840,0,550
2,DUNAS,411,4305,1240,7317,3171,0,2713,1002,1976,7031,0,668
2,GUANABARA,2,17568,4680,35560,6690,226,8280,4163,6188,28613,0,2251
2,GUANABARA,4,11332,4239,31809,6537,0,4029,2835,4140,22715,0,2099
2,GUANABARA,5,5886,1769,12939,1740,30,4419,2447,2423,15732,0,1341
2,GUANABARA,8,26629,8101,50859,18754,525,16379,6373,9293,42787,0,3018
2,GUANABARA,13,1527,344,2237,613,28,985,438,679,2637,0,386
2,GUANABARA,18,659,74,761,275,0,67,10,98,228,0,51
2,GUANABARA,19,5761,2406,12830,3585,0,8865,4643,3028,15233,0,1726
2,GUANABARA,20,6658,1890,10692,2771,0,9428,5571,2681,15361,0,1961
2,GUANABARA,25,5871,1775,6666,1663,0,4182,2779,1304,8491,0,1131
2,GUANABARA,60,30698,8368,56990,10291,329,12883,6463,10698,45806,0,3516
2,GUANABARA,64,22339,6208,38053,6747,148,17119,9435,6560,41950,0,3220
2,GUANABARA,67,6239,1774,13134,1735,31,4493,2621,2449,16266,0,1208
2,GUANABARA,70,12787,4421,29362,4140,68,9432,6190,4985,33292,0,2588
2,GUANABARA,72,12910,3770,29977,7337,53,6252,3152,6050,30735,0,2180
2,GUANABARA,75,11111,2841,15732,2768,114,4808,2153,4317,16082,0,1651
2,GUANABARA,76,3450,937,6613,1582,51,3347,921,1371,7298,0,546
2,GUANABARA,77,19724,6447,48389,11636,74,8321,4716,8146,43093,0,3356
2,GUANABARA,79,28016,7297,43726,10319,390,10084,4231,8427,38627,0,2856
2,GUANABARA,81,7272,2056,12948,2451,16,4124,1756,3449,14053,0,1368
2,GUANABARA,84,19150,4518,36441,13666,203,12489,6073,10431,32424,0,3372
2,GUANABARA,101,8019,2108,16425,3720,74,9154,3707,3693,20064,0,1675
2,GUANABARA,102,482,113,896,179,4,476,175,220,912,0,90
2,GUANABARA,592,1238,273,1554,341,53,950,252,402,1094,0,760
2,GUANABARA,593,4075,738,2699,712,0,987,398,558,3025,0,891
2,GUANABARA,1029,7172,1934,12141,2790,34,3190,1577,2232,11054,0,877
2,GUANABARA,1214,4414,1491,10547,1228,17,4432,2574,1758,11293,0,1493
2,GUANABARA,1301,3468,890,5115,1138,54,2183,976,1278,5893,0,822
2,GUANABARA,1302,751,193,949,240,6,455,180,204,1090,0,183
2,GUANABARA,1516,11889,3555,20070,3682,149,8022,4686,4505,24113,0,1833
2,GUANABARA,1778,11679,3371,20957,4303,150,8651,5019,4591,23683,0,1956
2,GUANABARA,2369,874,230,2129,700,0,935,462,438,1450,0,331
2,GUANABARA,6162,6341,1609,9124,1502,19,3937,2594,2025,10278,0,1404
2,GUANABARA,6443,8203,2241,14603,2872,7,4986,2445,3437,14944,0,1006
2,GUANABARA,7501,1377,323,2448,356,0,745,282,782,2166,0,211
2,GUANABARA,7502,1869,465,2583,445,0,881,404,771,2775,0,268
2,GUANABARA,7601,270,94,596,121,0,324,126,113,826,0,74
2,REUNIDAS,7,18545,5263,43577,10468,192,8564,3731,8911,38634,0,3198
2,REUNIDAS,26,25754,7619,45638,12633,227,7190,4541,8305,38659,0,2891
2,REUNIDAS,27,11722,3509,22250,3512,113,9483,4753,5088,29487,0,2679
2,REUNIDAS,29,0,0,0,0,0,0,0,0,0,0,1
2,REUNIDAS,35,19633,4823,31430,9067,963,11448,6713,8598,28638,0,2395
2,REUNIDAS,68,11649,3123,23667,5226,145,7836,3124,6189,24625,0,2142
2,REUNIDAS,73,48043,17162,102536,29503,573,15240,9244,15307,82515,0,4649
2,REUNIDAS,85,15152,2850,17500,5163,630,7828,4204,4864,16799,0,1835
2,REUNIDAS,1029,24126,6448,38109,9944,140,9479,4430,6993,34382,0,2418
2,REUNIDAS,1778,2686,809,5289,1026,22,1793,985,1098,5520,0,528
2,REUNIDAS,6443,8712,2425,16710,3311,13,5253,2469,4219,16883,0,1037
2,REUNIDAS,7847,19359,5983,29761,5649,57,9668,5201,8080,33094,0,2277
2,REUNIDAS,9018,31,14,281,330,0,465,46,32,230,0,85
2,SANTA MARIA,24,17817,5768,31583,11527,0,10896,6266,9606,29599,0,3275
2,SANTA MARIA,34,6843,1811,9060,2525,0,7899,4667,2376,13112,0,1396
2,SANTA MARIA,36,9021,3022,14085,4965,0,7000,3851,3248,16985,0,1708
2,SANTA MARIA,37,28964,9023,30168,11516,1,11161,6893,8735,35475,0,3169
2,SANTA MARIA,38,31903,10084,45188,12696,9,30332,15707,11150,70138,0,3990
2,SANTA MARIA,39,20861,4898,31013,10975,0,8549,3915,7191,23665,0,2853
2,SANTA MARIA,44,15954,5045,21792,6362,0,11668,6888,6046,26897,0,2796
2,SANTA MARIA,46,24624,8454,26526,12333,0,6376,5592,7373,36421,0,2543
2,SANTA MARIA,48,12970,3920,12166,5167,0,6135,3998,2579,16295,0,1948
2,SANTA MARIA,54,27296,9345,34774,12898,0,9539,7262,8101,42729,0,3125
2,SANTA MARIA,56,5806,2478,24728,10607,0,3172,2302,3884,20150,0,1974
2,SANTA MARIA,66,11043,3792,14931,2091,0,3176,1825,2875,18056,0,1939
2,SANTA MARIA,83,7221,2793,16979,1625,0,4028,1532,3607,18095,0,1379
2,SANTA MARIA,331,9962,2466,15221,3417,18,4095,1765,4216,13365,0,1195
2,SANTA MARIA,332,2742,647,4293,870,0,895,440,1261,3045,0,546
2,SANTA MARIA,411,4518,1326,6796,2805,0,2904,1004,2006,7274,0,672
2,SANTA MARIA,561,94,48,1974,312,0,76,3,243,950,0,307
2,VIA SUL,50,35758,10404,65923,19071,194,16328,8188,13639,56137,0,4607
2,VIA SUL,51,23061,6994,23201,8395,0,9573,6800,6813,29242,0,2948
2,VIA SUL,52,16654,5538,20605,6718,0,9743,7486,5224,27127,0,2770
2,VIA SUL,65,11093,3410,13722,3681,0,4613,2430,3475,13169,0,1750
3,CONCEICAO,21,21918,6511,36505,9264,0,17747,8154,6889,41637,828,3650
3,CONCEICAO,22,684,155,815,126,0,428,178,138,954,0,92
3,CONCEICAO,30,17385,4332,20847,5489,0,7374,3363,5139,20748,425,2246
3,CONCEICAO,31,21297,4907,21961,8390,0,7129,3302,5455,20249,26,2184
3,CONCEICAO,41,9793,2466,17508,7189,0,5191,2859,4138,12441,0,1922
3,CONCEICAO,59,12785,4763,19351,6556,23,12544,4326,4434,28064,661,2429
3,CONCEICAO,63,44689,10877,43280,19670,0,15379,5982,7587,37933,1010,3615
3,CONCEICAO,71,19327,5654,25993,4574,0,16912,6665,4942,33991,703,3032
3,CONCEICAO,76,3840,1101,6909,1482,44,3460,1161,1426,8154,308,682
3,CONCEICAO,83,6972,2721,15395,1414,0,3174,1392,2771,16191,641,1254
3,CONCEICAO,411,8143,2290,10959,4540,0,4881,1937,3043,11397,183,1091
3,CONCEICAO,587,1321,2,542,177,0,1065,183,136,2063,55,1075
3,CONCEICAO,599,10273,2431,14889,5601,51,6084,998,3261,11187,132,1406
3,CONCEICAO,905,183,97,907,50,0,217,11,58,800,18,231
3,CONCEICAO,2369,1151,291,1352,820,0,778,390,245,1279,0,341
3,CONCEICAO,3001,2694,654,3955,1611,0,1271,590,797,3211,93,613
3,CONCEICAO,3101,1962,432,2222,969,0,549,273,489,1527,0,297
3,CONCEICAO,6301,6116,1706,10574,2495,0,3090,1122,1899,8701,242,982
3,CONCEICAO,7601,56,7,111,29,0,80,33,24,195,105,29
3,DUNAS,33,49951,14771,71003,18582,122,19068,7758,16294,63920,1863,4441
3,DUNAS,40,35835,11056,49153,17071,33,31662,13300,11517,64064,1335,4096
3,DUNAS,57,3258,748,2284,1114,0,1169,430,552,2096,0,390
3,DUNAS,331,15726,3657,20130,4382,10,5723,2459,5550,17650,0,1515
3,DUNAS,332,3153,781,4759,966,0,1037,513,1263,3112,0,632
3,DUNAS,411,5018,1526,7743,3406,0,2848,1102,1961,6825,205,707
3,GUANABARA,2,19966,5627,38354,7164,223,8651,4069,6136,28728,439,2603
3,GUANABARA,4,12778,4683,30829,6012,0,3975,2704,3865,20817,468,2132
3,GUANABARA,5,6225,1881,12976,1668,55,4389,2514,2261,15545,499,1472
3,GUANABARA,8,33097,10079,55371,20250,604,17597,6609,9444,44147,2301,3437
3,GUANABARA,13,6896,1645,7215,1841,100,3320,1413,1968,8267,0,1481
3,GUANABARA,18,708,100,696,188,0,71,15,83,177,0,46
3,GUANABARA,19,6192,2432,12329,3055,0,8833,4329,2621,14315,159,1775
3,GUANABARA,20,7403,2033,9985,2438,0,9257,5280,2421,14336,0,1957
3,GUANABARA,25,7193,2105,6231,1574,0,4094,2716,1232,7827,0,1275
3,GUANABARA,60,33998,9537,59021,10437,318,13625,6375,10472,45153,860,3863
3,GUANABARA,64,24577,6869,36479,6380,157,16827,9162,6302,39302,912,3346
3,GUANABARA,67,6168,1929,12126,1583,41,4256,2443,2353,14723,0,1121
3,GUANABARA,70,14430,4975,29606,4191,83,9382,6092,4781,32104,510,2822
3,GUANABARA,72,15245,4807,32501,7645,74,6814,3532,6037,31815,873,2415
3,GUANABARA,75,13405,3035,16280,2732,110,5318,2184,4531,15474,417,1807
3,GUANABARA,76,3813,1125,6647,1477,70,3393,967,1391,7534,239,586
3,GUANABARA,77,22863,7817,51843,12204,87,8956,5131,8204,43928,1320,3782
3,GUANABARA,79,30631,8026,45353,9976,381,10480,4105,8076,37904,1118,3087
3,GUANABARA,81,8521,2360,12939,2491,18,4108,1835,3465,13802,149,1528
3,GUANABARA,84,22118,5297,36692,13561,162,12898,5938,10323,32000,1530,3575
3,GUANABARA,101,7366,2111,15683,3214,68,8170,3353,3032,17911,626,1656
3,GUANABARA,102,1021,232,2191,543,5,1059,414,459,2506,0,215
3,GUANABARA,592,1576,316,1702,342,60,873,242,374,1040,46,843
3,GUANABARA,593,4728,886,2729,696,0,992,411,545,2768,45,980
3,GUANABARA,1029,8801,2394,14450,3690,79,3970,1957,2378,12556,426,1124
3,GUANABARA,1214,4640,1507,9857,1139,12,4140,2410,1588,9609,0,1381
3,GUANABARA,1301,171,50,250,71,3,106,62,56,266,0,44
3,GUANABARA,1302,100,33,218,31,1,66,42,52,268,0,44
3,GUANABARA,1516,12852,3902,20779,3834,149,8180,4552,4451,24061,326,1975
3,GUANABARA,1778,11430,3435,18987,3830,148,8017,4353,3838,20688,377,2025
3,GUANABARA,2369,1059,252,1986,625,0,885,450,413,1389,0,329
3,GUANABARA,6162,6500,1632,8314,1247,22,3502,2281,1894,8818,0,1250
3,GUANABARA,6443,9192,2501,15642,3090,11,5160,2480,3437,15096,245,1125
3,GUANABARA,7501,4560,1056,4689,1069,0,1566,638,1368,4771,0,495
3,GUANABARA,7502,112,25,104,30,0,35,11,28,79,0,10
3,GUANABARA,7601,314,124,700,132,0,434,173,94,908,327,97
3,REUNIDAS,7,20597,5714,43474,9986,222,8560,3417,8124,35928,1245,3370
3,REUNIDAS,26,28079,8245,46173,12492,236,7648,4640,8153,36869,961,3198
3,REUNIDAS,27,12886,3765,23104,3462,148,9928,4899,4679,28389,875,2853
3,REUNIDAS,35,21283,5571,30814,9104,984,11379,6456,8279,26921,715,2480
3,REUNIDAS,68,12307,3351,23520,4761,174,7876,3003,5690,22838,421,2194
3,REUNIDAS,73,51877,19223,107614,31033,601,16097,9909,15251,82527,4034,4976
3,REUNIDAS,85,16646,3177,16141,4526,612,7343,4117,4183,14582,0,1776
3,REUNIDAS,1029,27051,6903,39677,10405,175,9891,4477,7207,32213,1341,2567
3,REUNIDAS,1778,2999,902,6194,1170,40,2183,1277,1122,6402,300,633
3,REUNIDAS,6443,9323,2771,17459,3561,13,5788,2597,3873,17001,585,1140
3,REUNIDAS,7847,21397,6589,31343,6268,55,10215,5197,8183,31510,891,2573
3,REUNIDAS,9018,41,21,341,312,0,353,52,42,238,0,96
3,SANTA MARIA,24,19549,6394,30205,10980,0,10683,6145,8871,26960,230,3191
3,SANTA MARIA,34,6825,1939,8773,2533,0,7651,4663,2253,12199,0,1436
3,SANTA MARIA,36,10085,3454,13689,5014,0,7459,4031,3123,15739,279,1937
3,SANTA MARIA,37,32150,10185,30284,11991,0,11639,6613,8273,33297,465,3401
3,SANTA MARIA,38,33793,11026,45111,13099,15,31025,15438,10385,69144,1430,4215
3,SANTA MARIA,39,22615,5330,31334,11439,0,8457,3940,6827,22447,233,2950
3,SANTA MARIA,44,18484,5897,23718,6643,0,12712,7336,6354,26156,272,3172
3,SANTA MARIA,46,27658,9425,27840,12773,0,6219,5258,6963,33992,900,2783
3,SANTA MARIA,48,16562,4724,12931,5792,0,6809,4217,2695,15870,265,2071
3,SANTA MARIA,54,30483,10555,36290,13666,0,10140,7457,7737,41107,1214,3506
3,SANTA MARIA,56,6325,2878,25658,10615,0,3088,2095,3751,19222,423,2293
3,SANTA MARIA,66,12292,4176,14625,1995,0,3048,1675,2737,17027,598,1941
3,SANTA MARIA,83,7978,3403,18042,1708,0,4021,1549,3545,18738,806,1506
3,SANTA MARIA,331,11676,2926,16248,3428,12,4280,1778,4188,13098,702,1277
3,SANTA MARIA,332,3077,705,3913,927,0,972,410,1040,2644,74,563
3,SANTA MARIA,411,5535,1509,7079,2829,0,3079,1074,1995,7057,151,691
3,SANTA MARIA,561,207,118,2213,423,0,125,7,271,1250,30,335
3,VIA SUL,50,39426,11845,67757,19460,203,16467,8290,12798,53802,1327,4955
3,VIA SUL,51,24440,7422,22361,8205,0,9200,5873,6247,25347,320,3103
3,VIA SUL,52,16950,5656,19681,6374,0,9649,6793,4803,24306,300,2987
3,VIA SUL,65,11650,3619,12975,3494,0,4183,2121,3255,11322,0,1669
4,CONCEICAO,21,22955,5671,35338,8689,0,17955,8264,7089,39972,2331,3456
4,CONCEICAO,22,749,196,1042,202,0,599,207,206,1112,224,134
4,CONCEICAO,30,18705,3958,21687,5416,0,7557,3423,5429,21213,1135,2223
4,CONCEICAO,31,23329,4938,23617,8698,0,8049,3394,6124,22191,0,2271
4,CONCEICAO,41,12209,2483,21771,8939,0,6292,3449,5127,15703,102,2092
4,CONCEICAO,59,13807,3886,19311,6824,17,12758,4336,4785,26774,2123,2449
4,CONCEICAO,63,50171,10154,46815,21531,0,16619,6128,8547,40256,3016,3659
4,CONCEICAO,71,21032,5339,26712,4888,0,17244,6647,5190,33866,962,3046
4,CONCEICAO,76,4024,860,7501,1437,59,3574,1155,1424,8198,421,659
4,CONCEICAO,83,7400,2406,15410,1558,0,3389,1293,3117,15941,1316,1262
4,CONCEICAO,411,7730,1718,9362,3601,0,3987,1512,2719,10201,383,919
4,CONCEICAO,412,1198,211,1316,0,0,693,237,408,1304,0,232
4,CONCEICAO,587,2227,2,596,233,0,1116,154,219,2144,167,1026
4,CONCEICAO,599,12913,2759,16284,6205,66,6768,979,3763,12480,688,1498
4,CONCEICAO,905,70,34,643,32,0,211,18,42,545,58,219
4,CONCEICAO,2369,1077,255,1308,743,0,834,367,307,1333,0,355
4,CONCEICAO,3001,3316,743,4380,1638,0,1521,654,1010,3416,439,622
4,CONCEICAO,3101,1999,435,2270,984,0,548,257,446,1699,0,299
4,CONCEICAO,6301,6361,1540,10099,2449,0,2772,979,1855,8202,618,908
4,CONCEICAO,7601,78,13,185,34,0,118,44,21,143,250,31
4,DUNAS,33,59339,11234,74096,19500,121,20563,7948,18089,69030,4098,4440
4,DUNAS,40,39236,7519,48535,17185,35,30965,12223,11712,62096,3063,4007
4,DUNAS,57,1279,320,1209,832,0,690,310,301,1194,0,656
4,DUNAS,331,16527,2878,20929,4385,31,5782,2530,5901,18480,1000,1401
4,DUNAS,332,3439,597,4704,977,0,1130,514,1292,2981,440,587
4,DUNAS,411,3569,780,4849,2082,0,1930,717,1301,4805,492,461
4,DUNAS,412,2553,351,1200,0,0,853,244,372,1448,0,224
4,GUANABARA,2,21951,4846,41216,7483,267,9474,4297,6770,30882,1880,2762
4,GUANABARA,4,13576,4235,31733,6222,0,3949,2634,4177,21176,1400,2200
4,GUANABARA,5,6617,1595,13019,1689,57,4666,2510,2352,15065,1050,1440
4,GUANABARA,8,37202,8592,56284,20675,668,18535,6678,10260,44380,4455,3477
4,GUANABARA,13,7960,1408,8284,2012,81,3462,1369,2002,9000,0,1648
4,GUANABARA,18,824,133,857,312,0,83,26,113,172,0,59
4,GUANABARA,19,7231,1907,13102,3281,0,9094,4331,2636,14544,397,1788
4,GUANABARA,20,7970,1885,10740,2661,0,9867,5645,2723,15352,0,2164
4,GUANABARA,25,8259,2010,6522,1819,0,4316,2559,1350,8185,0,1354
4,GUANABARA,60,36901,8132,62064,10585,355,14560,6516,11214,48968,3292,4045
4,GUANABARA,64,27284,5869,39984,6596,142,17419,9009,7045,41496,2327,3473
4,GUANABARA,67,6475,1687,12661,1491,48,4208,2377,2383,14580,0,1176
4,GUANABARA,70,15562,4425,32309,4640,59,9903,6378,5289,33564,1656,3009
4,GUANABARA,72,16766,4170,34598,7975,95,7629,3531,6515,32766,2190,2502
4,GUANABARA,75,14467,2649,17587,3046,120,5574,2216,4784,16250,374,1780
4,GUANABARA,76,3785,896,6717,1440,58,3402,881,1366,7415,96,588
4,GUANABARA,77,24612,6716,53792,12330,66,9178,4932,8775,44748,3246,3773
4,GUANABARA,79,32472,7016,46653,10305,365,11073,4100,8611,39665,3188,3192
4,GUANABARA,81,9358,2055,14369,2670,24,4391,1999,3801,14486,257,1578
4,GUANABARA,84,24669,3559,38855,14066,168,13402,5981,10908,32586,2256,3534
4,GUANABARA,101,7835,1618,16252,3466,61,8700,3345,3490,17927,1648,1608
4,GUANABARA,102,1085,196,2187,462,8,1190,442,512,2484,182,235
4,GUANABARA,592,1748,256,1811,353,58,1019,266,397,1282,119,817
4,GUANABARA,593,5498,676,2701,752,0,1086,433,584,3075,163,954
4,GUANABARA,1029,9632,1797,14015,3733,80,3886,1952,2440,12304,932,1052
4,GUANABARA,1214,5080,1119,10266,1186,26,4176,2314,1780,10360,0,1512
4,GUANABARA,1301,151,37,123,34,4,71,28,29,176,0,38
4,GUANABARA,1516,13481,3334,21249,3771,158,8554,4503,4685,24394,1191,2073
4,GUANABARA,1778,12339,3020,20348,4103,184,8637,4383,4235,21730,656,2151
4,GUANABARA,2369,1183,242,2059,708,0,944,406,373,1491,0,316
4,GUANABARA,6162,7240,1393,8991,1292,35,3841,2256,2115,9677,0,1314
4,GUANABARA,6443,10068,1934,17016,3355,13,5514,2490,3909,15674,823,1178
4,GUANABARA,7501,5363,988,4936,1082,0,1782,730,1533,5068,362,579
4,GUANABARA,7502,467,70,420,131,0,168,61,169,518,0,42
4,GUANABARA,7601,284,64,524,101,0,269,120,57,555,526,74
4,REUNIDAS,7,23765,3282,44307,10094,222,8586,3463,8813,37239,2800,3327
4,REUNIDAS,26,29819,6006,47464,12826,232,7734,4646,8963,39145,1767,3166
4,REUNIDAS,27,14282,2380,24260,3474,162,10205,4735,4981,29235,1909,2907
4,REUNIDAS,35,23414,3739,31955,9228,1032,11169,6307,8680,28565,1139,2497
4,REUNIDAS,68,13687,2076,23687,4863,201,8372,3152,6095,24065,814,2101
4,REUNIDAS,73,54372,12569,105553,30210,594,16623,9630,15808,81392,7826,4972
4,REUNIDAS,85,18775,2272,16852,5013,647,8058,4111,4870,16045,0,1797
4,REUNIDAS,1029,29695,5073,42768,11294,166,10525,4786,7877,35060,3095,2545
4,REUNIDAS,1778,2812,609,5342,1039,36,2018,1047,1054,5711,681,553
4,REUNIDAS,6443,10684,1868,18519,3818,16,6276,2789,4268,17987,1038,1171
4,REUNIDAS,7847,22482,4006,31327,6464,52,10306,5434,8366,32315,2044,2487
4,REUNIDAS,9018,49,3,313,308,1,396,59,47,145,127,96
4,SANTA MARIA,24,22203,4580,32599,11913,0,11463,6246,9826,29641,436,3073
4,SANTA MARIA,34,6939,1251,9565,2715,0,7900,4651,2476,12514,73,1566
4,SANTA MARIA,36,11837,2701,15044,5780,0,7864,4000,3425,16805,548,2006
4,SANTA MARIA,37,36142,7760,33317,12546,0,12762,7177,9275,37184,1586,3519
4,SANTA MARIA,38,37310,7288,46968,13768,12,32620,15486,11292,67890,4383,4306
4,SANTA MARIA,39,23649,3861,33022,11474,0,8845,4031,7210,23603,565,2834
4,SANTA MARIA,44,20978,4411,25723,7377,0,13637,7781,7221,29775,901,3283
4,SANTA MARIA,46,30882,7292,28898,13587,0,6717,5551,7653,36280,1751,2828
4,SANTA MARIA,48,18612,4026,13220,6168,0,7034,4007,3120,16154,528,1996
4,SANTA MARIA,54,33217,7662,37279,13542,0,10712,7831,8333,42144,2714,3502
4,SANTA MARIA,56,7009,1694,26918,11212,0,3295,2398,4382,19464,856,2332
4,SANTA MARIA,66,13199,3347,14579,2052,0,3232,1664,3020,16853,884,1786
4,SANTA MARIA,83,8407,2465,17884,1634,0,4068,1446,3585,17982,1584,1433
4,SANTA MARIA,331,12967,2312,16636,3618,17,4601,1900,4608,14404,642,1166
4,SANTA MARIA,332,3611,596,4939,1093,0,1140,458,1311,3335,0,576
4,SANTA MARIA,411,4958,907,5191,2044,0,2340,741,1422,5397,524,591
4,SANTA MARIA,412,1474,164,714,0,0,525,147,231,994,0,144
4,SANTA MARIA,561,90,53,1898,461,0,123,5,230,671,64,331
4,VIA SUL,50,41705,8938,69887,20031,174,17380,8054,13583,57220,3024,5060
4,VIA SUL,51,27020,5838,24032,8556,0,10105,6204,6933,28399,769,3207
4,VIA SUL,52,18713,4444,20996,6789,0,10523,7191,5420,26675,714,3071
4,VIA SUL,65,13264,3099,14757,3868,0,4956,2425,3931,13236,0,1794
5,CONCEICAO,21,25800,6063,37438,9768,0,19422,8849,7696,40133,1417,3735
5,CONCEICAO,22,771,230,1191,229,0,767,306,226,1424,0,145
5,CONCEICAO,30,20359,4176,23577,5794,0,8106,3649,6139,21282,654,2408
5,CONCEICAO,31,25070,5066,25211,9443,0,8388,3838,6767,21080,0,2403
5,CONCEICAO,41,14193,3050,24985,10638,0,7232,3968,6024,16690,0,2314
5,CONCEICAO,59,14680,4152,20539,7759,13,13742,4868,5211,26792,1498,2465
5,CONCEICAO,63,51907,11123,48462,22447,0,17553,6697,8866,38830,1571,3871
5,CONCEICAO,71,22457,5771,29062,5282,0,18059,7136,5826,32359,1275,3181
5,CONCEICAO,76,4320,870,7679,1581,84,3700,1118,1532,8478,337,682
5,CONCEICAO,83,8068,2646,15929,1575,0,3690,1203,3201,15810,939,1256
5,CONCEICAO,411,7705,1523,8911,3517,0,3580,1246,2529,8772,218,822
5,CONCEICAO,412,3071,453,1800,0,0,991,254,456,1877,0,349
5,CONCEICAO,587,3114,2,727,330,0,1384,164,240,2099,85,1059
5,CONCEICAO,599,14412,2486,17424,6653,89,6942,1025,4176,11850,334,1543
5,CONCEICAO,905,58,23,702,27,0,247,32,47,523,25,210
5,CONCEICAO,2369,1184,263,1540,925,0,990,379,380,1258,0,390
5,CONCEICAO,3001,3475,804,4587,1605,0,1530,643,1160,3353,156,640
5,CONCEICAO,3101,1827,404,2198,922,0,487,250,490,1430,0,317
5,CONCEICAO,6301,6645,1653,10852,2614,0,2938,1104,2011,8087,157,903
5,CONCEICAO,7601,76,22,172,24,0,106,48,12,193,147,28
5,DUNAS,33,64595,13120,79751,20595,160,22380,8395,20308,66952,2329,4641
5,DUNAS,40,42641,8818,50527,18102,42,33043,12592,12198,59606,1955,4270
5,DUNAS,57,472,146,822,772,0,513,303,232,636,0,557
5,DUNAS,331,14770,2878,17941,3926,40,4974,2075,5167,14718,0,1204
5,DUNAS,332,3887,695,5200,1026,0,1036,459,1382,3206,191,589
5,DUNAS,411,3172,606,3980,1549,0,1673,611,1107,4174,182,408
5,DUNAS,412,2230,390,1945,0,0,1072,357,479,1907,0,356
5,GUANABARA,2,23418,5453,44249,8470,325,10233,4622,7613,30521,1090,2962
5,GUANABARA,4,14375,4702,33573,7173,0,4560,2975,4523,21541,728,2313
5,GUANABARA,5,7582,1811,14067,2009,51,4852,2622,2520,15545,430,1505
5,GUANABARA,8,39982,9586,59879,23126,671,19762,7190,10587,44882,2579,3597
5,GUANABARA,13,9584,1691,8821,2268,108,4076,1602,2334,8901,0,1839
5,GUANABARA,18,757,151,857,276,0,114,47,91,179,0,62
5,GUANABARA,19,7962,2223,13823,3934,0,10155,4751,3078,14514,291,1957
5,GUANABARA,20,8677,2100,11244,2945,0,10159,5750,2923,14234,0,2307
5,GUANABARA,25,9164,2346,7268,1956,0,4646,2815,1568,8109,0,1378
5,GUANABARA,60,38410,8868,64810,11441,385,15231,6819,11937,47291,1689,4207
5,GUANABARA,64,29479,6629,40623,7578,157,19007,9528,7678,39678,1066,3667
5,GUANABARA,67,7302,1847,13824,1855,67,4679,2602,2528,14917,237,1277
5,GUANABARA,70,17167,5059,33846,4887,64,10828,6816,5336,33794,1080,3096
5,GUANABARA,72,17854,4275,37259,8541,116,7926,3854,7058,32562,1111,2624
5,GUANABARA,75,18905,3610,22121,4206,158,7223,2776,6143,20079,240,2360
5,GUANABARA,76,4297,913,6957,1605,57,3824,945,1737,7470,160,606
5,GUANABARA,77,26982,7406,57476,13941,83,10265,5351,9986,46630,1709,4116
5,GUANABARA,79,34669,7947,48973,11479,365,12068,4609,9594,40700,1752,3362
5,GUANABARA,81,10090,2304,15153,2997,26,4546,1942,4189,14984,159,1714
5,GUANABARA,84,27837,4799,42009,16322,227,14719,6374,12020,32735,1341,3716
5,GUANABARA,101,6364,1333,13074,2846,44,7196,2702,2791,13585,718,1324
5,GUANABARA,102,3268,641,6800,1428,26,3669,1443,1581,7170,242,662
5,GUANABARA,592,1921,338,1983,406,49,1052,329,438,1105,53,849
5,GUANABARA,593,6878,812,2911,845,0,1169,451,664,3190,77,969
5,GUANABARA,1029,10063,2025,15111,4201,68,4206,2008,2679,12030,535,1126
5,GUANABARA,1214,4968,1398,11126,1204,20,4396,2402,1836,9820,0,1622
5,GUANABARA,1516,14676,3774,23275,4379,197,9542,4836,5380,24943,492,2261
5,GUANABARA,1778,12957,3274,21011,4422,204,9354,4688,4463,20985,487,2277
5,GUANABARA,2369,1241,288,2256,765,0,993,379,428,1221,0,315
5,GUANABARA,6162,7609,1618,9170,1336,39,3881,2324,2146,8725,0,1403
5,GUANABARA,6443,10770,2279,18092,3589,10,6156,2696,4372,15770,607,1242
5,GUANABARA,7501,314,60,332,64,0,133,50,90,273,243,41
5,GUANABARA,7502,1588,303,1319,349,0,546,208,514,1396,0,145
5,GUANABARA,7601,205,81,427,84,0,245,110,64,668,184,63
5,REUNIDAS,7,26592,4340,46162,10605,263,9263,3855,9566,37603,1587,3508
5,REUNIDAS,26,31093,7323,49380,13623,258,8257,4969,9300,36853,981,3264
5,REUNIDAS,27,15536,3328,25610,4057,216,10704,5078,5655,29007,1138,3059
5,REUNIDAS,35,25441,4832,33841,10306,1125,12367,6734,9494,28137,688,2540
5,REUNIDAS,68,15099,2592,24748,5530,202,9170,3242,6772,23534,665,2237
5,REUNIDAS,73,58582,16566,112144,31555,641,17788,10062,17170,79817,4432,5197
5,REUNIDAS,85,20038,2973,19093,5721,710,8534,4214,5263,15706,0,1926
5,REUNIDAS,1029,30803,6188,44177,11730,159,11268,4813,8649,33554,1499,2677
5,REUNIDAS,1778,2811,646,5349,1042,53,1919,1041,1137,5349,451,550
5,REUNIDAS,6443,11919,2496,20162,4146,30,6736,3031,4718,17767,648,1260
5,REUNIDAS,7847,23291,5226,32249,6552,56,10902,5873,8979,30282,1382,2584
5,REUNIDAS,9018,15,8,319,356,0,386,51,47,171,5,99
5,SANTA MARIA,24,25538,6031,35176,12898,0,12687,6574,10873,29916,286,3292
5,SANTA MARIA,34,7578,1592,9796,2925,0,8427,4662,2546,11949,0,1664
5,SANTA MARIA,36,12499,3278,15962,6567,0,8016,4184,3424,15672,542,2146
5,SANTA MARIA,37,38886,9505,34778,13719,0,14121,7578,10523,36734,913,3660
5,SANTA MARIA,38,43374,9144,52517,15318,26,36513,16874,12686,68774,2688,4720
5,SANTA MARIA,39,26117,4636,35108,12516,0,9357,4291,7939,22981,341,3047
5,SANTA MARIA,44,21790,5475,27035,7944,3,13811,7865,7865,28108,584,3381
5,SANTA MARIA,46,33220,9075,30548,14111,0,7400,5785,8557,35342,1047,2916
5,SANTA MARIA,48,19459,4892,14056,6950,0,7646,4294,3384,15343,333,2065
5,SANTA MARIA,54,35798,10051,38542,14886,0,11346,8139,9073,40781,1552,3678
5,SANTA MARIA,56,8083,2313,29051,12538,0,3702,2198,4952,19039,487,2360
5,SANTA MARIA,66,13944,3871,15783,2388,0,3577,1721,3422,16372,659,1896
5,SANTA MARIA,83,9747,2940,18923,1979,0,4412,1518,4131,18461,1033,1479
5,SANTA MARIA,331,15459,3008,19204,4117,20,5378,2089,5652,15203,979,1312
5,SANTA MARIA,332,3671,610,4609,1117,0,1116,390,1260,2822,260,553
5,SANTA MARIA,411,4206,745,4145,1560,0,1686,607,1167,4153,255,454
5,SANTA MARIA,412,4329,554,1732,0,0,1368,387,454,1899,0,361
5,SANTA MARIA,561,84,65,1996,697,0,108,19,243,678,10,334
5,VIA SUL,50,45215,10652,74212,21881,201,18999,8424,15338,57281,1612,5302
5,VIA SUL,51,29394,7271,26666,9640,1,10900,6652,7763,28418,475,3419
5,VIA SUL,52,20397,5540,23557,7548,1,11428,7654,5925,26946,381,3226
5,VIA SUL,65,13766,3525,15878,4119,0,5244,2339,3853,12674,0,1864
6,CONCEICAO,21,17955,5763,32565,7527,0,16643,7436,6850,33830,0,3333
6,CONCEICAO,22,311,120,627,90,0,382,183,130,649,0,68
6,CONCEICAO,30,14768,4093,21070,5084,0,7196,3212,5745,18691,0,2196
6,CONCEICAO,31,16839,4459,20818,7522,0,7070,2880,5889,16759,0,2025
6,CONCEICAO,41,9353,2294,19010,7715,0,5578,2901,4447,11501,0,1712
6,CONCEICAO,59,10884,3925,18246,6325,29,12127,4337,4553,23260,0,2285
6,CONCEICAO,63,37388,10293,43322,18423,0,14974,5873,7733,33066,0,3423
6,CONCEICAO,71,8048,2351,10803,1851,0,6876,2641,2177,11874,0,1191
6,CONCEICAO,76,3391,1009,7188,1540,79,3300,1018,1430,7499,0,631
6,CONCEICAO,83,5425,2257,13298,1276,0,2883,940,2583,12376,0,1115
6,CONCEICAO,411,5960,1608,8661,3263,0,3501,1250,2529,8328,0,827
6,CONCEICAO,412,2187,469,1305,0,0,993,252,338,1504,0,307
6,CONCEICAO,587,1998,1,664,260,0,1232,154,198,1707,0,985
6,CONCEICAO,599,9954,2315,15086,5548,57,6074,909,3882,10441,0,1433
6,CONCEICAO,905,99,50,776,42,0,209,30,32,596,0,199
6,CONCEICAO,2271,8589,3068,16308,199,0,9196,3613,3331,16771,0,1725
6,CONCEICAO,2369,782,249,1429,660,0,859,370,370,1094,0,348
6,CONCEICAO,3001,2230,783,3780,1216,0,1262,537,893,2909,0,537
6,CONCEICAO,3101,1446,383,1983,762,0,494,253,472,1321,0,298
6,CONCEICAO,6301,5035,1744,10840,2407,0,2836,1050,1928,7707,0,937
6,CONCEICAO,7601,41,19,125,27,0,77,31,12,180,0,17
6,DUNAS,33,47801,13052,74264,18963,173,20004,7679,18655,59234,0,4365
6,DUNAS,40,32242,9090,48487,16055,50,29702,11733,11672,55476,0,3947
6,DUNAS,57,389,127,821,617,0,401,243,163,497,0,495
6,DUNAS,331,11678,2970,16535,3480,41,4461,1949,5021,13269,0,1172
6,DUNAS,332,2874,721,4781,956,0,1106,415,1206,2881,0,595
6,DUNAS,411,2385,669,4061,1494,0,1488,610,1114,3713,0,388
6,DUNAS,412,1997,439,1534,0,0,956,312,489,1529,0,309
6,GUANABARA,2,17511,5382,39686,7568,313,9204,4121,6734,26261,0,2700
6,GUANABARA,4,11110,4350,30364,6209,2,3982,2645,4091,18915,0,2128
6,GUANABARA,5,5591,1725,12450,1587,57,4479,2363,2470,13162,0,1353
6,GUANABARA,8,28563,8479,53670,20225,667,17429,6246,9765,38244,0,3234
6,GUANABARA,13,5717,1318,7356,1807,104,3400,1249,1969,6692,0,1484
6,GUANABARA,18,491,97,655,179,0,101,42,81,119,0,52
6,GUANABARA,19,5099,1964,11597,3075,0,8231,3867,2399,11951,0,1645
6,GUANABARA,20,6160,1916,9977,2246,1,8864,4942,2444,11459,0,1904
6,GUANABARA,25,5825,1692,5880,1453,0,4075,2288,1446,6157,0,1118
6,GUANABARA,60,29813,8865,59292,10521,369,13663,6174,11453,42502,0,3838
6,GUANABARA,64,20924,6165,36666,6649,155,16261,8143,6848,34594,0,3237
6,GUANABARA,67,5745,1708,12729,1641,45,4208,2232,2504,12880,0,1150
6,GUANABARA,70,12527,4867,29941,4355,86,8996,6049,4932,28347,0,2765
6,GUANABARA,72,13941,4244,33487,7695,85,6854,3175,6471,28233,0,2370
6,GUANABARA,75,12963,3131,19115,3542,145,6055,2383,5391,16937,0,2117
6,GUANABARA,76,3074,923,6288,1436,58,3291,867,1419,6338,0,568
6,GUANABARA,77,20398,7244,51699,11948,77,8738,4642,9007,39527,0,3635
6,GUANABARA,79,26431,7796,46310,10038,392,10456,3996,8653,34566,0,3025
6,GUANABARA,81,6985,2056,13415,2545,15,3754,1568,3670,12025,0,1452
6,GUANABARA,84,19484,4786,35989,13218,179,12868,5508,10590,27544,0,3342
6,GUANABARA,101,4213,1176,10091,2155,35,5252,2055,2110,10221,0,1052
6,GUANABARA,102,3185,762,7395,1462,30,3902,1584,1634,7615,0,740
6,GUANABARA,592,1164,269,1679,304,39,778,246,388,847,0,780
6,GUANABARA,593,4230,624,2435,722,0,941,408,536,2316,0,911
6,GUANABARA,1029,8078,2169,14525,3535,60,3824,1707,2517,10880,0,1053
6,GUANABARA,1214,3575,1255,9514,1001,17,3909,2152,1639,8064,0,1427
6,GUANABARA,1516,10601,3336,20174,3761,177,8132,4280,4458,20887,0,1955
6,GUANABARA,1778,9604,3183,20435,4026,187,8744,4249,4135,18921,0,2199
6,GUANABARA,2369,881,229,1735,649,0,900,378,391,992,0,362
6,GUANABARA,6162,5178,1431,7790,1191,7,3347,1983,1937,7206,0,1214
6,GUANABARA,6443,7821,2331,15549,2993,6,4955,2094,3759,13054,0,1104
6,GUANABARA,7501,1115,226,1277,272,0,391,121,385,1015,0,118
6,GUANABARA,7502,562,113,542,187,0,198,85,203,532,0,47
6,GUANABARA,7601,116,54,318,57,0,189,72,51,418,0,48
6,REUNIDAS,7,20265,4976,43190,9934,241,8530,3372,9153,33826,0,3297
6,REUNIDAS,26,23185,7395,44548,11631,197,7272,4263,8281,31975,0,2923
6,REUNIDAS,27,12113,3314,23142,3627,128,9473,4599,5132,26085,0,2782
6,REUNIDAS,35,17995,4503,28957,8762,980,10788,5474,8041,22908,0,2323
6,REUNIDAS,68,11410,2669,22601,4667,194,7681,2914,6073,19828,0,2087
6,REUNIDAS,73,43052,16388,103455,28195,634,16001,8848,15687,69362,0,4813
6,REUNIDAS,85,13367,2783,16199,4759,621,7397,3476,4454,12563,0,1757
6,REUNIDAS,1029,22624,6193,39611,9775,136,9837,4200,7687,28548,0,2354
6,REUNIDAS,1778,1861,660,4181,791,30,1534,842,965,3994,0,428
6,REUNIDAS,6443,8756,2428,17782,3701,16,5811,2450,4297,14776,0,1078
6,REUNIDAS,7847,17721,5538,29739,6059,41,9732,4815,8059,26445,0,2398
6,REUNIDAS,9018,7,9,285,352,0,343,37,20,167,0,95
6,SANTA MARIA,24,18878,5518,30422,10441,0,11111,5457,9430,24633,0,2962
6,SANTA MARIA,34,5244,1481,8229,2493,0,6856,3671,2200,9425,0,1413
6,SANTA MARIA,36,7987,2856,13169,5037,0,6753,3316,2922,12609,0,1839
6,SANTA MARIA,37,27414,8687,30280,11184,0,11616,6187,9198,29466,0,3100
6,SANTA MARIA,38,32574,9778,47762,13575,32,33118,14740,11753,60201,0,4252
6,SANTA MARIA,39,19472,4643,30458,10301,0,8555,3613,6744,19233,0,2835
6,SANTA MARIA,44,15665,5074,23469,6638,0,12093,6794,6720,22915,0,2860
6,SANTA MARIA,46,23656,8717,27302,12019,0,6382,4751,7947,29215,0,2700
6,SANTA MARIA,48,13801,4360,12063,5415,0,6478,3626,2787,12711,0,1881
6,SANTA MARIA,54,25666,9706,35460,12678,0,10223,7075,8397,34804,0,3335
6,SANTA MARIA,56,6031,2145,25671,11075,0,3167,1939,4387,15401,0,2243
6,SANTA MARIA,66,9481,3395,13007,1829,0,2936,1453,3105,12898,0,1712
6,SANTA MARIA,83,7329,2940,18758,1648,0,4056,1320,3978,17254,0,1405
6,SANTA MARIA,331,11362,2911,16135,3343,24,4514,1703,4639,12396,0,1194
6,SANTA MARIA,332,2711,627,3880,856,0,953,374,1115,2435,0,502
6,SANTA MARIA,411,3123,796,4181,1445,0,1571,554,1194,4050,0,436
6,SANTA MARIA,412,1421,367,1506,0,0,952,274,413,1488,0,313
6,SANTA MARIA,561,65,80,2030,661,0,100,26,216,646,0,330
6,VIA SUL,50,33921,10754,67193,18598,200,16482,7380,13982,48383,0,4741
6,VIA SUL,51,21365,6866,23335,8117,0,9518,5771,7094,23418,0,3055
6,VIA SUL,52,14944,5224,20468,6314,0,9754,6605,5172,22030,0,2922
6,VIA SUL,65,10063,3188,13200,3205,0,4269,2100,3437,9948,0,1661